{"access_token": "ya29.Glt2BsBT29uXWDOFKI40N8ZPV_CSrxO0n8bQoivY3U4QMJCgIuoYBD2haFTvYo4vesNijgR2bpjQjPta2ssf6Md6je9fz2pslMKoZJ1D4rEaN9YH0Ont9j5kjbAd", "client_id": "317068315358-8f3kctktmtg8vsljppigsustf80qscuh.apps.googleusercontent.com", "client_secret": "Ar_scybcq9f-cZZHzbJxjouQ", "refresh_token": "1/HsTgrO4kC4eJ13QXR-48WfHChZ6hEmZv8_wkGQMb8xk", "token_expiry": "2018-12-18T18:44:22Z", "token_uri": "https://www.googleapis.com/oauth2/v3/token", "user_agent": null, "revoke_uri": "https://oauth2.googleapis.com/revoke", "id_token": null, "id_token_jwt": null, "token_response": {"access_token": "ya29.Glt2BsBT29uXWDOFKI40N8ZPV_CSrxO0n8bQoivY3U4QMJCgIuoYBD2haFTvYo4vesNijgR2bpjQjPta2ssf6Md6je9fz2pslMKoZJ1D4rEaN9YH0Ont9j5kjbAd", "expires_in": 3600, "scope": "https://www.googleapis.com/auth/drive", "token_type": "Bearer"}, "scopes": ["https://www.googleapis.com/auth/drive"], "token_info_uri": "https://oauth2.googleapis.com/tokeninfo", "invalid": false, "_class": "OAuth2Credentials", "_module": "oauth2client.client"}