{"access_token": "ya29.Glt2BnVBhRdhg_M7I3z4CcZeOnMcZRgQXvkcZPpx_6_4Dptw3E5GBpR8q3rOyJRjcmHXboHBxbwq2v9JS8CN8nCrIHM7bhUsQVwDy5-UmJxsA724ekNKw9MBKdHl", "client_id": "317068315358-8f3kctktmtg8vsljppigsustf80qscuh.apps.googleusercontent.com", "client_secret": "Ar_scybcq9f-cZZHzbJxjouQ", "refresh_token": "1/C2IyDCIB1iD55GNk13qaB1YDPf-XMsxbuR7ntXTUMc8", "token_expiry": "2018-12-18T18:54:27Z", "token_uri": "https://www.googleapis.com/oauth2/v3/token", "user_agent": null, "revoke_uri": "https://oauth2.googleapis.com/revoke", "id_token": null, "id_token_jwt": null, "token_response": {"access_token": "ya29.Glt2BnVBhRdhg_M7I3z4CcZeOnMcZRgQXvkcZPpx_6_4Dptw3E5GBpR8q3rOyJRjcmHXboHBxbwq2v9JS8CN8nCrIHM7bhUsQVwDy5-UmJxsA724ekNKw9MBKdHl", "expires_in": 3600, "scope": "https://www.googleapis.com/auth/drive.metadata.readonly", "token_type": "Bearer"}, "scopes": ["https://www.googleapis.com/auth/drive.metadata.readonly"], "token_info_uri": "https://oauth2.googleapis.com/tokeninfo", "invalid": false, "_class": "OAuth2Credentials", "_module": "oauth2client.client"}